{"vertices":[-1.000000,1.000000,-1.000000,-1.000000,-1.000000,-1.000000,-1.000000,-1.000000,1.000000,1.000000,1.000000,-1.000000,1.000000,-1.000000,-1.000000,-1.000000,-1.000000,-1.000000,1.000000,1.000000,1.000000,1.000000,-1.000000,1.000000,1.000000,-1.000000,-1.000000,-1.000000,1.000000,1.000000,-1.000000,-1.000000,1.000000,1.000000,-1.000000,1.000000,-1.000000,-1.000000,-1.000000,-1.000000,1.000000,-1.000000,-1.000000,1.000000,1.000000,-1.000000,1.000000,1.000000,-1.000000,1.000000,-1.000000,1.000000,1.000000,-1.000000,1.000000,1.000000,1.000000,-1.000000,-1.000000,1.000000],"indices":[0,1,2,3,4,5,6,7,8,9,10,11,12,4,11,3,13,14,15,0,2,16,3,5,17,6,8,18,9,11,19,12,11,18,3,14],"textureCoordinates":[1.000000,0.000000,1.000000,1.000000,0.000000,1.000000,1.000000,0.000000,1.000000,1.000000,0.000000,1.000000,1.000000,0.000000,1.000000,1.000000,0.000000,1.000000,1.000000,0.000000,1.000000,1.000000,0.000000,1.000000,1.000000,0.000000,1.000000,1.000000,0.000000,1.000000,0.000000,0.000000,0.000000,0.000000,0.000000,0.000000,0.000000,0.000000,0.000000,0.000000],"normals":[]}